Shipment ID,Driver Name,Driver Income,Driver Productivity Score 
1001,John Doe,2000,7
1002,Jane Smith,1800,8
1003,Mike Johnson,2200,6
1004,David Lee,2400,9
1005,Sarah Brown,1900,8
1006,Michael Lee,2100,5
1007,Emily Wang,1800,7
1008,Robert Chen,2300,8
1009,Lisa Wong,2000,7
1010,Daniel Wu,1900,8
1011,Karen Chu,2200,6
1012,Kevin Chen,2500,9
1013,Michelle Liu,2000,8
1014,Alex Wang,2100,5
1015,Lisa Kim,1800,7
1016,James Lee,2300,8
1017,Emma Chen,1900,7
1018,Ryan Wong,1800,8
1019,Anna Kim,2200,6
1020,Eric Chen,2400,9
1021,Julia Wang,2000,8
1022,Michael Liu,2100,5
1023,Lisa Chen,1800,7
1024,Brian Lee,2300,8
1025,Jessica Kim,1900,7
1026,Andrew Chen,1800,8
1027,Lily Wang,2200,6
1028,Alex Lee,2400,9
1029,Emily Kim,2000,8
1030,Kevin Wang,2100,5
1031,Jenny Chen,1800,7
1032,Michael Kim,2300,8
1033,Sophia Lee,1900,7
1034,Ryan Chen,1800,8
1035,Anna Kim,2200,6
1036,Eric Chen,2400,9
1037,Julia Wang,2000,8
1038,Michael Liu,2100,5
1039,Lisa Chen,1800,7
1040,Brian Lee,2300,8
1041,Jessica Kim,1900,7
1042,Andrew Chen,1800,8
1043,Lily Wang,2200,6
1044,Alex Lee,2400,9
1045,Emily Kim,2000,8
1046,Kevin Wang,2100,5
1047,Jenny Chen,1800,7
1048,Michael Kim,2300,8
1049,Sophia Lee,1900,7
1050,Ryan Chen,1800,8
1051,Anna Kim,2200,6
1052,Eric Chen,2400,9
1053,Julia Wang,2000,8
1054,Michael Liu,2100,5
1055,Lisa Chen,1800,7
1056,Brian Lee,2300,8
1057,Jessica Kim,1900,7
1058,Andrew Chen,1800,8
1059,Lily Wang,2200,6
1060,Alex Lee,2400,9
1061,Emily Kim,2000,8
1062,Kevin Wang,2100,5
1063,Jenny Chen,1800,7
1064,Michael Kim,2300,8
1065,Sophia Lee,1900,7
1066,Ryan Chen,1800,8
1067,Anna Kim,2200,6
1068,Eric Chen,2400,9
1069,Julia Wang,2000,8
1070,Michael Liu,2100,5
1071,Lisa Chen,1800,7
1072,Brian Lee,2300,8
1073,Jessica Kim,1900,7
1074,Andrew Chen,1800,8
1075,Lily Wang,2200,6
1076,Alex Lee,2400,9
1077,Emily Kim,2000,8
1078,Kevin Wang,2100,5
1079,Jenny Chen,1800,7
1080,Michael Kim,2300,8
1081,Sophia Lee,1900,7
1082,Ryan Chen,1800,8
1083,Anna Kim,2200,6
1084,Eric Chen,2400,9
1085,Julia Wang,2000,8
1086,Michael Liu,2100,5
1087,Lisa Chen,1800,7
1088,Brian Lee,2300,8
1089,Jessica Kim,1900,7
1090,Andrew Chen,1800,8
1091,Lily Wang,2200,6
1092,Alex Lee,2400,9
1093,Emily Kim,2000,8
1094,Kevin Wang,2100,5
1095,Jenny Chen,1800,7
1096,Michael Kim,2300,8
1097,Sophia Lee,1900,7
1098,Ryan Chen,1800,8
1099,Anna Kim,2200,6
1100,Eric Chen,2400,9
1101,Julia Wang,2000,8
1102,Michael Liu,2100,5
1103,Lisa Chen,1800,7
1104,Brian Lee,2300,8
1105,Jessica Kim,1900,7
1106,Andrew Chen,1800,8
1107,Lily Wang,2200,6
1108,Alex Lee,2400,9
1109,Emily Kim,2000,8
1110,Kevin Wang,2100,5
1111,Jenny Chen,1800,7
1112,Michael Kim,2300,8
1113,Sophia Lee,1900,7
1114,Ryan Chen,1800,8
1115,Anna Kim,2200,6
1116,Eric Chen,2400,9
1117,Julia Wang,2000,8
1118,Michael Liu,2100,5
1119,Lisa Chen,1800,7
1120,Brian Lee,2300,8
1121,Jessica Kim,1900,7
1122,Andrew Chen,1800,8
1123,Lily Wang,2200,6
1124,Alex Lee,2400,9
1125,Emily Kim,2000,8
1126,Kevin Wang,2100,5
1127,Jenny Chen,1800,7
1128,Michael Kim,2300,8
1129,Sophia Lee,1900,7
1130,Ryan Chen,1800,8
1131,Anna Kim,2200,6
1132,Eric Chen,2400,9
1133,Julia Wang,2000,8
1134,Michael Liu,2100,5
1135,Lisa Chen,1800,7
1136,Brian Lee,2300,8
1137,Jessica Kim,1900,7
1138,Andrew Chen,1800,8
1139,Lily Wang,2200,6
1140,Alex Lee,2400,9
1141,Emily Kim,2000,8
1142,Kevin Wang,2100,5
1143,Jenny Chen,1800,7
1144,Michael Kim,2300,8
1145,Sophia Lee,1900,7
1146,Ryan Chen,1800,8
1147,Anna Kim,2200,6
1148,Eric Chen,2400,9
1149,Julia Wang,2000,8
1150,Michael Liu,2100,5
1151,Lisa Chen,1800,7
1152,Brian Lee,2300,8
1153,Jessica Kim,1900,7
1154,Andrew Chen,1800,8
1155,Lily Wang,2200,6
1156,Alex Lee,2400,9
1157,Emily Kim,2000,8
1158,Kevin Wang,2100,5
1159,Jenny Chen,1800,7
1160,Michael Kim,2300,8
1161,Sophia Lee,1900,7
1162,Ryan Chen,1800,8
1163,Anna Kim,2200,6
1164,Eric Chen,2400,9
1165,Julia Wang,2000,8
1166,Michael Liu,2100,5
1167,Lisa Chen,1800,7
1168,Brian Lee,2300,8
1169,Jessica Kim,1900,7
1170,Andrew Chen,1800,8
1171,Lily Wang,2200,6
1172,Alex Lee,2400,9
1173,Emily Kim,2000,8
1174,Kevin Wang,2100,5
1175,Jenny Chen,1800,7
1176,Michael Kim,2300,8
1177,Sophia Lee,1900,7
1178,Ryan Chen,1800,8
1179,Anna Kim,2200,6
1180,Eric Chen,2400,9
1181,Julia Wang,2000,8
1182,Michael Liu,2100,5
1183,Lisa Chen,1800,7
1184,Brian Lee,2300,8
